,col_1,col_2,col_3,col_4,col_5,col_6,col_7,col_8,col_9,col_10,col_11,col_12,col_13,col_14,col_15,col_16,col_17,col_18,col_19,col_20,col_21,col_22,col_23,col_24,col_25,col_26,col_27,col_28,col_29,col_30,Num Features,Score
168,-,Y,Y,Y,Y,Y,Y,Y,Y,Y,-,Y,Y,Y,-,-,Y,Y,Y,Y,Y,Y,Y,Y,Y,Y,Y,Y,-,Y,25,0.8616317437149837
111,Y,Y,Y,-,Y,Y,Y,Y,Y,Y,-,Y,Y,Y,Y,Y,Y,Y,Y,Y,Y,Y,Y,Y,Y,Y,Y,-,Y,Y,27,0.8605775997308062
125,Y,Y,Y,Y,Y,Y,Y,Y,Y,Y,-,Y,Y,Y,Y,Y,Y,Y,Y,Y,Y,Y,Y,Y,Y,Y,Y,-,Y,Y,28,0.85999819474627
88,Y,Y,Y,Y,-,Y,Y,-,Y,Y,Y,Y,Y,Y,Y,Y,Y,Y,Y,Y,Y,Y,Y,Y,Y,Y,Y,Y,-,Y,27,0.8597678917273722
177,Y,Y,Y,Y,Y,Y,Y,Y,Y,Y,-,Y,Y,Y,Y,Y,Y,-,Y,Y,Y,Y,Y,-,Y,Y,Y,Y,Y,Y,27,0.8595849953653238
151,-,Y,Y,Y,Y,Y,Y,Y,Y,Y,Y,Y,Y,Y,Y,Y,Y,-,Y,Y,Y,Y,Y,Y,Y,Y,Y,Y,Y,Y,28,0.8587971311856862
182,-,Y,Y,Y,Y,Y,Y,Y,Y,Y,-,Y,Y,Y,-,-,Y,Y,Y,Y,Y,Y,Y,-,Y,Y,Y,-,Y,Y,24,0.8586478888254163
170,Y,Y,Y,Y,-,Y,Y,Y,Y,Y,-,Y,Y,Y,Y,-,Y,-,Y,Y,Y,Y,Y,Y,Y,Y,Y,Y,Y,Y,26,0.8586035447092971
160,Y,Y,Y,-,Y,Y,Y,-,-,Y,-,Y,Y,Y,Y,Y,Y,Y,Y,Y,Y,Y,Y,Y,Y,Y,Y,-,Y,Y,25,0.8584859027438132
92,Y,Y,Y,-,Y,Y,Y,Y,-,Y,Y,Y,Y,Y,Y,Y,Y,Y,Y,Y,Y,Y,Y,Y,Y,Y,Y,Y,Y,Y,28,0.8582127895801537
51,Y,Y,Y,Y,Y,Y,Y,-,-,Y,Y,Y,Y,Y,Y,Y,Y,Y,Y,Y,Y,Y,Y,Y,Y,Y,Y,Y,-,Y,27,0.8581996503927178
184,Y,-,Y,-,Y,Y,Y,Y,-,Y,Y,Y,Y,Y,Y,Y,Y,-,Y,Y,Y,Y,Y,-,Y,Y,Y,Y,Y,Y,25,0.8581284442960766
173,-,Y,Y,Y,-,Y,Y,-,Y,Y,Y,Y,Y,Y,Y,Y,Y,Y,Y,Y,Y,Y,Y,Y,Y,Y,Y,Y,-,Y,26,0.858115044762201
94,Y,Y,Y,Y,-,Y,Y,-,Y,Y,Y,Y,Y,Y,Y,-,Y,Y,Y,Y,Y,Y,Y,Y,Y,Y,Y,Y,-,Y,26,0.8580422889726834
150,-,Y,Y,Y,Y,Y,Y,-,Y,Y,Y,Y,Y,Y,Y,Y,Y,Y,Y,Y,Y,Y,Y,Y,Y,Y,Y,Y,Y,Y,28,0.8580047654010698
58,Y,Y,Y,-,Y,Y,Y,Y,-,Y,-,Y,Y,Y,Y,Y,Y,-,Y,Y,Y,Y,Y,Y,Y,Y,Y,Y,Y,Y,26,0.8579742394222982
91,Y,Y,Y,Y,-,Y,Y,Y,Y,Y,-,Y,Y,Y,Y,Y,Y,Y,Y,Y,Y,Y,Y,Y,Y,Y,Y,Y,Y,Y,28,0.8579711233157379
86,Y,Y,Y,Y,Y,Y,Y,Y,Y,Y,Y,Y,Y,Y,-,Y,Y,-,Y,Y,Y,Y,Y,Y,Y,Y,Y,Y,Y,Y,28,0.8579429843161169
80,Y,Y,Y,-,Y,Y,Y,Y,Y,Y,-,Y,Y,Y,Y,Y,Y,Y,Y,Y,Y,Y,Y,Y,Y,Y,Y,Y,Y,Y,28,0.8579082868931069
79,Y,Y,Y,Y,Y,Y,Y,Y,Y,Y,Y,Y,Y,Y,Y,Y,Y,-,Y,Y,Y,Y,Y,Y,Y,Y,Y,Y,Y,Y,29,0.8577934419133082
123,-,Y,Y,Y,Y,Y,Y,Y,Y,Y,-,Y,Y,Y,Y,-,Y,Y,Y,Y,Y,Y,Y,Y,Y,Y,Y,Y,Y,Y,27,0.8577641652490107
183,Y,Y,Y,Y,Y,Y,Y,Y,-,Y,-,Y,Y,Y,Y,Y,Y,-,Y,Y,Y,Y,Y,-,Y,Y,Y,-,Y,Y,25,0.8577582659154399
128,Y,Y,Y,-,Y,Y,Y,Y,-,Y,-,Y,Y,Y,Y,Y,Y,Y,Y,Y,Y,Y,Y,Y,Y,Y,Y,Y,Y,Y,27,0.8577412244763811
187,-,Y,Y,Y,Y,Y,Y,Y,-,Y,Y,Y,Y,Y,Y,Y,Y,Y,Y,Y,Y,Y,Y,Y,Y,Y,Y,Y,Y,Y,28,0.8576730601602844
97,Y,Y,Y,Y,Y,Y,Y,Y,Y,Y,-,Y,Y,Y,Y,Y,Y,-,Y,Y,Y,Y,Y,Y,Y,Y,Y,Y,Y,Y,28,0.8576351633127822
83,Y,-,Y,-,Y,Y,Y,Y,Y,Y,-,Y,Y,Y,Y,Y,Y,-,Y,Y,Y,Y,Y,Y,Y,Y,Y,Y,Y,Y,26,0.8576152027666779
141,Y,Y,Y,Y,Y,Y,Y,Y,Y,Y,-,Y,Y,Y,Y,Y,Y,Y,Y,-,Y,Y,Y,Y,Y,Y,Y,-,Y,Y,27,0.8575809452096317
134,Y,Y,Y,Y,-,Y,Y,-,Y,Y,Y,Y,Y,Y,Y,Y,Y,Y,Y,Y,Y,Y,Y,Y,Y,Y,Y,Y,Y,Y,28,0.8575054238388009
85,Y,Y,Y,Y,Y,Y,Y,-,Y,Y,-,Y,Y,Y,Y,Y,Y,Y,Y,Y,Y,Y,Y,Y,Y,Y,Y,Y,Y,Y,28,0.8574910498933906
101,Y,Y,Y,-,-,Y,Y,Y,Y,Y,Y,Y,Y,Y,Y,Y,Y,-,Y,Y,Y,Y,Y,Y,Y,Y,Y,Y,Y,Y,27,0.8573662274985219
156,-,Y,Y,Y,Y,Y,Y,Y,Y,Y,Y,Y,Y,Y,Y,Y,Y,-,Y,Y,Y,Y,Y,Y,Y,Y,Y,Y,-,Y,27,0.8572974794322135
48,Y,-,Y,-,Y,Y,Y,-,-,Y,Y,Y,Y,Y,Y,Y,Y,Y,Y,Y,Y,Y,Y,Y,Y,Y,Y,Y,Y,Y,26,0.857185212158491
70,Y,Y,Y,Y,Y,Y,Y,Y,Y,Y,-,Y,Y,Y,Y,-,Y,Y,Y,Y,Y,Y,Y,Y,Y,Y,Y,Y,Y,Y,28,0.857130323992672
112,Y,Y,Y,Y,-,Y,Y,Y,Y,Y,-,Y,Y,Y,Y,-,Y,Y,Y,Y,Y,Y,Y,Y,Y,Y,Y,Y,-,Y,26,0.8570641224657244
109,Y,Y,Y,Y,Y,Y,Y,-,Y,Y,Y,Y,Y,Y,Y,Y,Y,Y,Y,Y,Y,Y,Y,Y,Y,Y,Y,Y,-,Y,28,0.8570423737678872
188,Y,Y,Y,-,Y,Y,Y,Y,Y,Y,Y,Y,Y,Y,Y,-,Y,-,Y,Y,Y,Y,Y,Y,Y,Y,Y,Y,Y,Y,27,0.8570363768261482
115,Y,Y,-,Y,Y,Y,Y,Y,Y,Y,Y,Y,Y,Y,Y,-,Y,-,Y,Y,Y,Y,Y,Y,Y,Y,Y,Y,Y,Y,27,0.8569077506536427
62,Y,-,Y,Y,Y,Y,Y,Y,-,Y,-,Y,Y,Y,Y,Y,Y,Y,Y,Y,Y,Y,Y,Y,Y,Y,Y,Y,Y,Y,27,0.8568952089036392
174,Y,Y,Y,Y,Y,Y,Y,Y,Y,Y,-,Y,Y,Y,Y,-,Y,Y,Y,Y,Y,Y,Y,Y,Y,Y,Y,-,Y,Y,27,0.8568914626605572
105,Y,-,Y,Y,Y,Y,Y,Y,-,Y,Y,Y,Y,Y,Y,Y,Y,Y,Y,Y,Y,Y,Y,Y,Y,Y,Y,Y,Y,Y,28,0.8568472652836209
89,Y,Y,-,Y,Y,Y,Y,Y,Y,Y,Y,Y,Y,Y,Y,Y,Y,-,Y,Y,Y,Y,Y,Y,Y,Y,Y,Y,Y,Y,28,0.856812335533861
172,-,Y,Y,Y,Y,Y,Y,Y,Y,Y,Y,Y,Y,Y,Y,-,Y,Y,Y,Y,Y,Y,Y,Y,Y,Y,Y,Y,Y,Y,28,0.8567949933358703
104,Y,Y,Y,-,-,Y,Y,-,Y,Y,-,Y,Y,Y,Y,-,Y,Y,Y,Y,Y,Y,Y,Y,Y,Y,Y,-,-,Y,23,0.8567728582152001
159,Y,Y,Y,Y,-,Y,Y,Y,Y,Y,-,Y,Y,Y,Y,Y,Y,Y,Y,Y,Y,Y,Y,-,Y,Y,Y,Y,Y,Y,27,0.8567187706774418
68,Y,Y,Y,-,Y,Y,Y,Y,Y,Y,Y,Y,Y,Y,Y,Y,Y,-,Y,Y,Y,Y,Y,Y,Y,Y,Y,Y,Y,Y,28,0.8567107242987226
167,Y,Y,-,Y,Y,Y,Y,Y,Y,Y,Y,Y,Y,Y,Y,-,Y,-,Y,Y,Y,Y,Y,-,Y,Y,Y,Y,-,Y,25,0.8565990773920749
192,Y,Y,-,Y,-,Y,Y,-,Y,Y,-,Y,Y,Y,-,Y,Y,Y,Y,Y,Y,Y,Y,-,Y,Y,Y,Y,-,Y,23,0.8565406085173882
154,Y,Y,Y,-,-,Y,Y,Y,Y,Y,Y,Y,Y,Y,Y,Y,Y,Y,Y,Y,Y,Y,Y,Y,Y,Y,Y,Y,Y,Y,28,0.8564713262679534
75,Y,Y,Y,Y,Y,Y,Y,Y,Y,Y,Y,Y,Y,Y,Y,Y,Y,-,Y,Y,Y,Y,Y,Y,Y,Y,Y,Y,-,Y,28,0.8564546298497263
147,Y,Y,Y,-,Y,Y,Y,-,Y,Y,Y,Y,Y,Y,Y,Y,Y,Y,Y,Y,Y,Y,Y,Y,Y,Y,Y,Y,-,Y,27,0.856452382720208
110,Y,Y,-,Y,Y,Y,Y,Y,Y,Y,Y,Y,Y,Y,Y,Y,Y,-,Y,Y,Y,Y,Y,Y,Y,Y,Y,Y,-,Y,27,0.8563482672501528
90,Y,Y,Y,Y,-,Y,Y,Y,Y,Y,Y,Y,Y,Y,Y,Y,Y,Y,Y,Y,Y,Y,Y,Y,Y,Y,Y,Y,-,Y,28,0.8563128337518509
26,Y,-,Y,-,Y,Y,Y,Y,Y,Y,-,Y,Y,Y,-,-,Y,Y,Y,Y,Y,Y,Y,Y,Y,Y,Y,Y,-,Y,24,0.8563124980349909
169,Y,Y,-,-,-,Y,Y,Y,Y,Y,Y,Y,Y,Y,Y,Y,Y,-,Y,Y,Y,Y,Y,Y,Y,Y,Y,Y,Y,Y,26,0.8563107689119878
64,Y,Y,Y,Y,Y,Y,Y,Y,-,Y,-,Y,Y,Y,Y,Y,Y,Y,Y,Y,Y,Y,Y,Y,Y,Y,Y,Y,Y,Y,28,0.8562745002525962
57,Y,Y,-,-,Y,Y,Y,-,Y,Y,-,Y,Y,Y,Y,Y,Y,Y,Y,Y,Y,Y,Y,Y,Y,Y,Y,-,Y,Y,25,0.8562426145541541
166,Y,Y,Y,Y,-,Y,Y,Y,Y,Y,-,Y,Y,Y,Y,Y,Y,Y,Y,Y,Y,Y,Y,Y,Y,Y,Y,Y,-,Y,27,0.856171850658128
136,Y,-,Y,Y,-,Y,Y,Y,Y,Y,Y,Y,Y,Y,Y,Y,Y,Y,Y,Y,Y,Y,Y,Y,Y,Y,Y,Y,-,Y,27,0.8560668837733452
54,Y,Y,Y,Y,Y,Y,Y,-,-,Y,Y,Y,Y,Y,-,-,Y,Y,Y,Y,Y,Y,Y,Y,Y,Y,Y,Y,Y,Y,26,0.8559519531483526
102,Y,-,Y,Y,-,Y,Y,Y,-,Y,Y,Y,Y,Y,Y,Y,Y,-,Y,Y,Y,Y,Y,Y,Y,Y,Y,Y,Y,Y,26,0.8558897751801835
108,Y,Y,Y,-,Y,Y,Y,-,-,Y,-,Y,Y,Y,Y,Y,Y,Y,Y,Y,Y,Y,Y,Y,Y,Y,Y,Y,Y,Y,26,0.8558648947945682
175,Y,Y,Y,Y,Y,Y,Y,-,Y,Y,-,Y,Y,Y,Y,Y,Y,Y,Y,Y,Y,Y,Y,-,Y,Y,Y,Y,Y,Y,27,0.855858420170752
84,Y,Y,Y,Y,Y,Y,Y,-,-,Y,Y,Y,Y,Y,Y,Y,Y,Y,Y,Y,Y,Y,Y,Y,Y,Y,Y,Y,Y,Y,28,0.8558038817918148
146,Y,Y,Y,-,-,Y,Y,Y,Y,Y,Y,Y,Y,Y,Y,Y,Y,Y,Y,Y,Y,Y,Y,Y,Y,Y,Y,Y,-,Y,27,0.8557936770881265
63,Y,Y,Y,-,Y,Y,Y,Y,Y,Y,Y,Y,Y,Y,-,Y,Y,-,Y,Y,Y,Y,Y,Y,Y,Y,Y,Y,Y,Y,27,0.8557508443473147
164,-,Y,Y,Y,Y,Y,Y,Y,Y,Y,Y,Y,Y,Y,Y,Y,Y,Y,Y,Y,Y,Y,Y,-,Y,Y,Y,Y,Y,Y,28,0.8557289722606165
52,Y,Y,Y,Y,Y,Y,Y,-,Y,Y,Y,Y,Y,Y,Y,Y,Y,Y,Y,Y,Y,Y,Y,Y,Y,Y,Y,Y,Y,Y,29,0.8557274746176526
117,Y,Y,Y,Y,Y,Y,Y,-,Y,Y,Y,Y,Y,Y,-,Y,Y,Y,Y,Y,Y,Y,Y,Y,Y,Y,Y,Y,Y,Y,28,0.8557159772201008
40,Y,Y,-,Y,Y,Y,Y,-,Y,Y,Y,Y,Y,Y,-,-,Y,Y,Y,Y,Y,Y,Y,Y,Y,Y,Y,Y,-,Y,25,0.8556558550963214
140,Y,-,Y,Y,Y,Y,Y,Y,Y,Y,Y,Y,Y,Y,Y,Y,Y,-,Y,Y,Y,Y,Y,-,Y,Y,Y,Y,Y,Y,27,0.8555807793971528
143,Y,Y,Y,Y,Y,Y,Y,Y,Y,Y,Y,Y,Y,Y,Y,Y,Y,-,Y,Y,Y,Y,Y,-,Y,Y,Y,Y,Y,Y,28,0.8555682383078673
44,Y,-,Y,Y,Y,Y,Y,-,Y,Y,Y,Y,Y,Y,Y,Y,Y,Y,Y,Y,Y,Y,Y,Y,Y,Y,-,Y,Y,Y,27,0.8555620233421489
53,Y,Y,Y,Y,Y,Y,Y,-,Y,Y,-,Y,Y,Y,Y,Y,Y,-,Y,Y,Y,Y,Y,Y,Y,Y,Y,Y,Y,Y,27,0.8553616982291683
180,Y,Y,Y,Y,Y,Y,Y,-,Y,Y,Y,Y,Y,Y,Y,Y,Y,Y,Y,Y,Y,Y,Y,-,Y,Y,Y,Y,Y,Y,28,0.8553603105930402
161,-,Y,Y,Y,Y,Y,Y,Y,Y,Y,Y,Y,Y,Y,Y,Y,Y,Y,Y,Y,Y,Y,Y,Y,Y,Y,Y,Y,Y,Y,29,0.8553580869914232
95,Y,Y,Y,Y,Y,Y,Y,Y,-,Y,Y,Y,Y,Y,Y,Y,Y,-,Y,Y,Y,Y,Y,Y,Y,Y,Y,Y,Y,Y,28,0.855330790563543
81,Y,Y,Y,Y,-,Y,Y,-,Y,Y,Y,Y,Y,Y,Y,-,Y,-,Y,Y,Y,Y,Y,Y,Y,Y,Y,Y,-,Y,25,0.8552920300889765
99,Y,Y,Y,Y,-,Y,Y,Y,Y,Y,Y,Y,Y,Y,Y,Y,Y,Y,Y,Y,Y,Y,Y,Y,Y,Y,Y,Y,Y,Y,29,0.8552377312815065
181,-,Y,Y,Y,Y,Y,Y,Y,Y,Y,Y,Y,Y,Y,-,-,Y,Y,Y,Y,Y,Y,Y,Y,Y,Y,Y,Y,Y,Y,27,0.8551159906415446
69,Y,Y,Y,Y,Y,Y,Y,Y,Y,Y,-,Y,Y,Y,Y,Y,Y,Y,Y,Y,Y,Y,Y,Y,Y,Y,Y,Y,Y,Y,29,0.8550908668519308
87,Y,Y,-,Y,Y,Y,Y,Y,Y,Y,Y,Y,Y,Y,Y,Y,Y,Y,Y,Y,Y,Y,Y,Y,Y,Y,Y,Y,-,Y,28,0.8550860674596149
82,Y,Y,Y,Y,Y,Y,Y,Y,Y,Y,-,Y,Y,Y,-,Y,Y,Y,Y,Y,Y,Y,Y,Y,Y,Y,Y,Y,-,Y,27,0.8550746963748029
67,Y,Y,Y,-,Y,Y,Y,Y,Y,Y,Y,Y,Y,Y,Y,Y,Y,Y,Y,Y,Y,Y,Y,Y,Y,Y,-,Y,Y,Y,28,0.8549493873940617
131,-,Y,Y,-,Y,Y,Y,Y,Y,Y,Y,Y,Y,Y,Y,Y,Y,-,Y,Y,Y,Y,Y,Y,Y,Y,Y,Y,Y,Y,27,0.8549303091846
190,Y,-,-,-,Y,Y,Y,Y,-,Y,-,Y,Y,Y,Y,Y,Y,-,Y,Y,Y,Y,Y,Y,Y,Y,Y,-,Y,Y,23,0.8548974299371539
139,Y,Y,Y,Y,Y,Y,Y,Y,Y,Y,Y,Y,Y,Y,Y,Y,Y,-,Y,Y,Y,Y,Y,Y,Y,Y,Y,-,Y,Y,28,0.8548747052322585
157,-,Y,Y,Y,-,Y,Y,Y,Y,Y,-,Y,Y,Y,Y,Y,Y,Y,Y,Y,Y,Y,Y,Y,Y,Y,Y,Y,Y,Y,27,0.8547631956865758
72,Y,-,Y,Y,Y,Y,Y,Y,-,Y,Y,Y,Y,Y,Y,-,Y,Y,Y,Y,Y,Y,Y,Y,Y,Y,Y,Y,Y,Y,27,0.8547402119353631
138,Y,Y,-,Y,-,Y,Y,Y,Y,Y,Y,Y,Y,Y,Y,Y,Y,Y,Y,Y,Y,Y,Y,Y,Y,Y,Y,Y,-,Y,27,0.854737386548882
113,Y,Y,-,-,Y,Y,Y,Y,-,Y,Y,Y,Y,Y,Y,Y,Y,-,Y,Y,Y,Y,Y,Y,Y,Y,Y,Y,Y,Y,26,0.8547370896041733
158,-,Y,Y,Y,Y,Y,Y,Y,Y,Y,-,Y,Y,Y,Y,Y,Y,Y,Y,Y,Y,Y,Y,Y,Y,Y,Y,Y,Y,Y,28,0.8546894315493422
98,Y,Y,Y,Y,Y,Y,Y,Y,Y,Y,Y,Y,Y,Y,-,-,Y,-,Y,Y,Y,Y,Y,Y,Y,Y,Y,Y,Y,Y,27,0.8546167588179053
178,Y,Y,Y,Y,-,Y,Y,Y,Y,Y,Y,Y,Y,Y,Y,Y,Y,-,Y,Y,Y,Y,Y,Y,Y,Y,Y,Y,Y,Y,28,0.8545344808046139
142,-,Y,-,Y,Y,Y,Y,Y,Y,Y,-,Y,Y,Y,Y,Y,Y,Y,Y,Y,Y,Y,Y,Y,Y,Y,Y,-,Y,Y,26,0.8544960503385666
120,Y,Y,-,-,-,Y,Y,Y,Y,Y,Y,Y,Y,Y,Y,Y,Y,Y,Y,Y,Y,Y,Y,Y,Y,Y,Y,Y,Y,Y,27,0.8544822842209037
74,Y,Y,Y,Y,Y,Y,Y,Y,Y,Y,Y,Y,Y,Y,Y,Y,Y,Y,Y,Y,Y,Y,Y,Y,Y,Y,Y,Y,Y,Y,30,0.8544671206890082
163,Y,Y,Y,-,-,Y,Y,-,Y,Y,Y,Y,Y,Y,Y,Y,Y,-,Y,Y,Y,Y,Y,Y,Y,Y,Y,Y,Y,Y,26,0.8544528858231778
179,-,Y,Y,Y,Y,Y,Y,Y,Y,Y,-,Y,Y,Y,Y,Y,Y,-,Y,Y,Y,Y,Y,Y,Y,Y,Y,Y,-,Y,26,0.8544098933168901
76,Y,Y,Y,-,Y,Y,Y,Y,Y,Y,-,Y,Y,Y,-,Y,Y,-,Y,Y,Y,Y,Y,Y,Y,Y,Y,Y,Y,Y,26,0.8543992896436224
126,Y,Y,Y,Y,Y,Y,Y,Y,-,Y,-,Y,Y,Y,Y,Y,Y,Y,Y,Y,Y,Y,Y,Y,Y,Y,Y,-,Y,Y,27,0.8543089341072273
103,Y,Y,Y,Y,-,Y,Y,-,-,Y,-,Y,Y,Y,Y,Y,Y,Y,Y,Y,Y,Y,Y,Y,Y,Y,Y,-,Y,Y,25,0.8542684345235559
152,Y,Y,-,Y,Y,Y,Y,Y,Y,Y,-,Y,Y,Y,Y,Y,Y,Y,Y,Y,Y,Y,Y,Y,Y,Y,Y,Y,Y,Y,28,0.8542051188819233
162,-,Y,Y,Y,-,Y,Y,Y,Y,Y,Y,Y,Y,Y,Y,Y,Y,Y,Y,Y,Y,Y,Y,Y,Y,Y,Y,Y,Y,Y,28,0.8541889512782941
189,Y,Y,Y,Y,Y,Y,Y,-,Y,Y,Y,Y,Y,Y,Y,-,Y,Y,Y,Y,Y,Y,Y,Y,Y,Y,Y,Y,Y,Y,28,0.8541320997722723
100,Y,-,Y,Y,Y,Y,Y,Y,-,Y,Y,Y,Y,Y,Y,Y,Y,-,Y,Y,Y,Y,Y,Y,Y,Y,Y,Y,Y,Y,27,0.8541194341244019
31,Y,Y,Y,Y,Y,Y,Y,-,Y,Y,Y,Y,Y,Y,-,Y,Y,Y,Y,Y,Y,Y,Y,Y,Y,Y,-,Y,Y,Y,27,0.8540129711631336
59,Y,Y,Y,-,Y,Y,Y,Y,Y,Y,Y,Y,Y,Y,Y,Y,Y,Y,Y,Y,Y,Y,Y,Y,Y,Y,Y,Y,Y,Y,29,0.8539925088690128
96,Y,Y,-,-,-,Y,Y,Y,-,Y,Y,Y,Y,Y,Y,Y,Y,Y,Y,Y,Y,Y,Y,Y,Y,Y,Y,Y,Y,Y,26,0.8539760992238472
176,-,Y,Y,Y,Y,Y,Y,-,Y,Y,Y,Y,Y,Y,Y,Y,Y,Y,Y,Y,Y,Y,Y,-,Y,Y,Y,Y,Y,Y,27,0.8539729790732773
114,Y,Y,Y,Y,Y,Y,Y,Y,Y,Y,Y,Y,Y,Y,Y,-,Y,-,Y,Y,Y,Y,Y,Y,Y,Y,Y,Y,Y,Y,28,0.8539323220259445
130,Y,-,Y,Y,Y,Y,Y,Y,Y,Y,Y,Y,Y,Y,Y,Y,Y,-,Y,Y,Y,Y,Y,Y,Y,Y,Y,Y,Y,Y,28,0.8539027628847587
133,-,-,-,Y,Y,Y,Y,-,Y,Y,Y,Y,Y,Y,Y,Y,Y,-,Y,Y,Y,Y,Y,Y,Y,Y,Y,Y,-,Y,24,0.8538896408036923
66,Y,Y,Y,Y,Y,Y,Y,Y,-,Y,Y,Y,Y,Y,Y,Y,Y,Y,Y,Y,Y,Y,Y,Y,Y,Y,Y,Y,Y,Y,29,0.8538545248715703
185,-,Y,Y,-,Y,Y,Y,Y,Y,Y,Y,Y,Y,Y,Y,Y,Y,Y,Y,Y,Y,Y,Y,Y,Y,Y,Y,Y,Y,Y,28,0.8538406177115972
27,Y,Y,-,Y,Y,Y,Y,Y,Y,Y,Y,Y,Y,Y,-,Y,Y,Y,Y,Y,Y,Y,Y,Y,Y,Y,-,-,Y,Y,26,0.8537517441658298
145,Y,Y,-,Y,Y,Y,Y,Y,Y,Y,-,Y,Y,Y,Y,-,Y,Y,Y,Y,Y,Y,Y,Y,Y,Y,Y,Y,Y,Y,27,0.8536911886318372
148,Y,Y,Y,Y,Y,Y,Y,Y,Y,Y,-,Y,Y,Y,-,Y,Y,-,Y,Y,Y,Y,Y,Y,Y,Y,Y,Y,Y,Y,27,0.8536797611719117
60,Y,Y,Y,-,Y,Y,Y,Y,Y,Y,Y,Y,Y,Y,-,-,Y,Y,Y,Y,Y,Y,Y,Y,Y,Y,Y,Y,Y,Y,27,0.8536793181430599
144,Y,Y,Y,Y,Y,Y,Y,-,-,Y,Y,Y,Y,Y,Y,Y,Y,-,Y,Y,Y,Y,Y,Y,Y,Y,Y,Y,-,Y,26,0.8536697741002488
41,-,-,Y,Y,Y,Y,Y,Y,-,Y,Y,Y,Y,Y,-,Y,Y,-,Y,Y,Y,-,Y,Y,Y,Y,Y,-,Y,Y,23,0.8535578699508639
78,Y,Y,Y,Y,Y,Y,Y,Y,Y,Y,Y,Y,Y,Y,Y,Y,Y,Y,Y,Y,Y,Y,Y,Y,Y,Y,Y,Y,-,Y,29,0.8535133734505332
25,Y,-,-,Y,Y,Y,Y,-,-,Y,Y,Y,Y,Y,-,Y,Y,Y,Y,Y,Y,Y,Y,-,Y,Y,-,Y,-,Y,22,0.8534338993224413
55,Y,Y,Y,Y,Y,Y,Y,-,Y,Y,Y,Y,Y,Y,Y,Y,Y,Y,Y,Y,Y,Y,Y,Y,Y,Y,Y,-,Y,Y,28,0.8534054987459344
71,Y,Y,Y,Y,Y,Y,Y,Y,-,Y,Y,Y,Y,Y,Y,-,Y,Y,Y,Y,Y,Y,Y,Y,Y,Y,Y,Y,Y,Y,28,0.8534041950173856
106,Y,-,Y,-,Y,Y,Y,-,-,Y,Y,Y,Y,Y,-,Y,Y,Y,Y,Y,Y,Y,Y,Y,Y,Y,Y,Y,Y,Y,25,0.8534011259403008
186,Y,Y,Y,Y,-,Y,Y,Y,Y,Y,Y,Y,Y,Y,Y,Y,Y,Y,Y,Y,Y,Y,Y,-,Y,Y,Y,Y,Y,Y,28,0.8533957599466729
28,Y,-,Y,Y,Y,Y,Y,-,Y,Y,Y,Y,Y,Y,-,Y,Y,Y,Y,Y,Y,Y,Y,Y,Y,Y,Y,Y,Y,Y,27,0.8532531839013414
155,Y,Y,Y,Y,Y,Y,Y,Y,-,Y,Y,Y,Y,Y,Y,Y,Y,Y,Y,Y,Y,Y,Y,Y,Y,Y,Y,Y,-,Y,28,0.8531100417854425
165,Y,Y,-,-,Y,Y,Y,Y,Y,Y,-,Y,Y,Y,Y,Y,Y,Y,Y,Y,Y,Y,Y,Y,Y,Y,Y,Y,Y,Y,27,0.8530916946401785
50,Y,Y,Y,-,Y,Y,Y,-,Y,Y,Y,Y,Y,Y,Y,Y,Y,Y,Y,Y,Y,Y,Y,Y,Y,Y,Y,Y,Y,Y,28,0.8530688863343592
129,-,Y,-,Y,Y,Y,Y,Y,Y,Y,Y,Y,Y,Y,Y,Y,Y,-,Y,Y,Y,Y,Y,Y,Y,Y,Y,Y,Y,Y,27,0.8530561172990585
77,Y,Y,Y,Y,Y,Y,Y,Y,Y,Y,-,Y,Y,Y,Y,Y,Y,Y,Y,Y,Y,Y,Y,Y,Y,Y,Y,Y,-,Y,28,0.8530127777920523
93,Y,Y,Y,Y,-,Y,Y,Y,Y,Y,Y,Y,Y,Y,Y,Y,Y,-,Y,Y,Y,Y,Y,Y,Y,Y,Y,-,Y,Y,27,0.8529870645733738
122,Y,Y,Y,Y,Y,Y,Y,Y,Y,Y,Y,Y,Y,Y,-,Y,Y,Y,Y,Y,Y,Y,Y,Y,Y,Y,Y,Y,-,Y,28,0.852930423989426
116,Y,Y,Y,Y,-,Y,Y,Y,-,Y,Y,Y,Y,Y,-,Y,Y,Y,Y,Y,Y,Y,Y,Y,Y,Y,Y,Y,Y,Y,27,0.852801371173949
65,Y,-,Y,Y,Y,Y,Y,-,Y,Y,Y,Y,Y,Y,Y,-,Y,Y,Y,Y,Y,Y,Y,Y,Y,Y,Y,-,Y,Y,26,0.8527845919504615
56,Y,-,Y,Y,Y,Y,Y,-,Y,Y,-,Y,Y,Y,-,Y,Y,Y,Y,Y,Y,Y,Y,-,Y,Y,Y,Y,-,Y,24,0.8527471755916063
73,Y,Y,-,Y,Y,Y,Y,Y,Y,Y,Y,Y,Y,Y,Y,Y,Y,Y,Y,Y,Y,Y,Y,Y,Y,Y,Y,Y,Y,Y,29,0.8526690414361816
135,-,Y,-,Y,-,Y,Y,-,Y,Y,Y,Y,Y,Y,-,-,Y,Y,Y,Y,Y,Y,Y,Y,Y,Y,Y,Y,-,Y,23,0.8525895221593913
107,Y,Y,Y,Y,Y,Y,Y,Y,Y,Y,Y,Y,Y,Y,Y,-,Y,Y,Y,Y,Y,Y,Y,Y,Y,Y,Y,Y,Y,Y,29,0.8525297267953831
33,Y,Y,Y,Y,Y,Y,Y,-,-,Y,Y,Y,Y,Y,-,Y,Y,Y,Y,Y,Y,Y,Y,Y,Y,Y,-,Y,Y,Y,26,0.8525152017463518
191,-,Y,Y,Y,-,Y,Y,Y,Y,Y,Y,Y,Y,Y,Y,Y,Y,Y,Y,Y,Y,Y,Y,-,Y,Y,Y,Y,Y,Y,27,0.8525065197495614
124,Y,Y,Y,Y,-,Y,Y,-,Y,Y,Y,Y,Y,Y,Y,Y,Y,Y,Y,Y,Y,Y,Y,Y,Y,Y,-,Y,Y,Y,27,0.852481642957857
127,Y,Y,Y,Y,-,Y,Y,Y,Y,Y,-,Y,Y,Y,Y,Y,Y,-,Y,Y,Y,Y,Y,Y,Y,Y,Y,Y,Y,Y,27,0.8524194297625123
171,Y,Y,-,Y,Y,Y,Y,Y,-,Y,Y,Y,Y,Y,Y,Y,Y,-,Y,Y,Y,Y,Y,Y,Y,Y,Y,Y,Y,Y,27,0.8521806737050784
121,Y,Y,Y,Y,Y,Y,Y,Y,Y,Y,Y,Y,Y,Y,-,Y,Y,Y,Y,Y,Y,Y,Y,Y,Y,Y,Y,Y,Y,Y,29,0.8519226306289749
61,Y,-,Y,-,Y,Y,Y,Y,Y,Y,Y,Y,Y,Y,Y,Y,Y,Y,Y,Y,Y,Y,Y,Y,Y,Y,Y,Y,Y,Y,28,0.8516769838184484
119,Y,Y,Y,Y,Y,Y,Y,Y,-,Y,Y,Y,Y,Y,Y,-,Y,Y,Y,Y,Y,Y,Y,Y,Y,Y,Y,Y,-,Y,27,0.8514740334218776
49,Y,-,Y,-,-,Y,Y,-,Y,Y,Y,Y,Y,Y,Y,Y,Y,Y,Y,Y,-,Y,-,Y,Y,Y,-,Y,Y,Y,23,0.8513017457518222
47,Y,-,-,Y,Y,Y,Y,Y,Y,Y,Y,Y,Y,Y,-,-,Y,Y,Y,Y,Y,-,Y,Y,Y,Y,Y,Y,Y,Y,25,0.851206181942633
149,Y,Y,Y,Y,-,Y,Y,-,Y,Y,Y,Y,Y,Y,Y,Y,Y,Y,Y,Y,Y,Y,Y,Y,Y,Y,Y,-,Y,Y,27,0.8512001292515062
43,Y,-,-,Y,Y,Y,-,-,Y,Y,-,Y,Y,Y,-,Y,Y,Y,Y,Y,Y,Y,Y,Y,Y,Y,Y,-,Y,Y,23,0.850975383705372
132,Y,-,Y,Y,Y,Y,Y,Y,Y,Y,-,Y,Y,Y,Y,Y,Y,Y,Y,Y,Y,Y,Y,Y,Y,Y,Y,Y,Y,Y,28,0.8507338348159965
118,Y,Y,-,Y,-,Y,Y,Y,Y,Y,Y,Y,Y,Y,Y,Y,Y,Y,Y,Y,Y,Y,Y,Y,Y,Y,Y,Y,Y,Y,28,0.8502734846135673
137,Y,-,Y,Y,Y,Y,Y,-,-,Y,-,Y,Y,Y,Y,Y,Y,Y,Y,Y,Y,Y,Y,Y,Y,Y,Y,-,-,Y,24,0.8498285669788465
35,Y,-,Y,Y,-,Y,Y,Y,Y,Y,Y,Y,-,Y,-,-,Y,Y,Y,Y,Y,Y,Y,Y,Y,Y,-,Y,Y,Y,24,0.8496932050974874
46,Y,-,Y,Y,Y,Y,Y,Y,Y,Y,Y,Y,Y,Y,Y,Y,Y,Y,Y,Y,Y,Y,Y,-,Y,Y,-,Y,Y,Y,27,0.8493344414821032
42,Y,Y,Y,Y,Y,Y,Y,Y,Y,Y,Y,Y,Y,Y,-,-,Y,Y,Y,Y,-,Y,Y,Y,Y,Y,Y,Y,Y,Y,27,0.8487661269979239
37,Y,Y,Y,Y,Y,Y,Y,Y,Y,Y,Y,Y,Y,-,-,Y,Y,-,Y,Y,Y,Y,Y,Y,Y,Y,-,-,Y,Y,25,0.8486087264131555
39,Y,Y,Y,-,Y,Y,Y,Y,Y,Y,Y,Y,Y,Y,-,Y,Y,Y,Y,Y,-,Y,Y,Y,Y,Y,Y,-,Y,Y,26,0.8485680713903438
38,Y,-,-,-,Y,Y,Y,Y,-,Y,Y,Y,Y,Y,Y,-,-,-,Y,Y,Y,Y,Y,Y,Y,Y,-,Y,-,Y,21,0.8483439084013137
36,Y,Y,Y,Y,Y,Y,Y,Y,Y,Y,Y,Y,Y,-,-,-,Y,Y,Y,Y,Y,Y,-,-,Y,Y,Y,Y,Y,Y,25,0.847190761752211
32,Y,Y,Y,Y,Y,Y,Y,Y,Y,Y,Y,-,Y,-,-,Y,Y,Y,Y,Y,Y,Y,Y,Y,Y,Y,-,Y,-,Y,25,0.8469066613109988
29,Y,-,-,Y,Y,Y,Y,Y,Y,Y,Y,Y,Y,Y,Y,Y,Y,-,Y,Y,-,Y,Y,-,Y,Y,-,Y,Y,Y,24,0.846350345661483
153,-,Y,Y,-,Y,Y,-,Y,Y,Y,-,Y,Y,Y,Y,Y,Y,Y,Y,Y,Y,Y,Y,Y,Y,Y,Y,-,Y,Y,25,0.8458574552915803
30,Y,-,Y,-,Y,Y,Y,Y,Y,Y,-,Y,Y,-,Y,Y,Y,Y,Y,Y,Y,Y,Y,Y,Y,Y,-,-,-,Y,23,0.8451586375623698
45,-,-,-,Y,Y,Y,-,-,Y,Y,Y,Y,Y,Y,Y,-,Y,Y,Y,Y,-,Y,Y,Y,Y,Y,-,-,Y,Y,21,0.8442242592736655
34,Y,-,Y,Y,Y,Y,Y,-,-,Y,Y,Y,Y,Y,-,Y,-,Y,Y,Y,Y,Y,Y,Y,Y,Y,Y,Y,Y,Y,25,0.8399917999617325
4,Y,-,Y,Y,Y,Y,Y,Y,-,Y,-,Y,-,Y,Y,-,-,-,Y,-,Y,Y,-,-,Y,Y,Y,-,-,-,17,0.829313803187816
13,Y,-,-,-,Y,Y,Y,Y,Y,-,Y,Y,Y,-,-,-,Y,-,Y,Y,-,Y,-,Y,-,Y,-,-,-,Y,16,0.822214837040926
7,-,-,Y,-,-,Y,Y,-,Y,Y,-,-,Y,-,Y,Y,Y,-,Y,-,-,-,Y,Y,Y,Y,-,-,Y,-,15,0.8075709761208746
18,Y,-,Y,-,Y,Y,-,Y,-,Y,Y,-,Y,-,-,-,Y,Y,Y,Y,Y,Y,-,Y,Y,-,Y,Y,Y,Y,20,0.8045258155458727
9,-,Y,-,-,Y,-,Y,-,-,Y,Y,Y,-,Y,-,-,Y,Y,-,Y,-,Y,Y,Y,Y,Y,-,-,Y,Y,17,0.7973557955938005
20,-,-,-,Y,-,-,Y,-,Y,-,-,-,-,Y,Y,Y,-,Y,Y,-,Y,-,Y,-,Y,Y,-,-,-,Y,13,0.7679910214737847
10,-,Y,-,-,Y,Y,-,-,-,Y,Y,-,-,Y,-,Y,Y,-,-,Y,-,Y,-,Y,-,-,Y,-,-,Y,13,0.7623665550449712
12,Y,-,Y,-,Y,Y,-,-,Y,Y,Y,Y,-,-,-,Y,Y,Y,-,Y,-,-,-,Y,Y,Y,Y,-,-,-,16,0.7469877762092672
15,Y,Y,Y,Y,Y,Y,-,Y,Y,Y,Y,-,-,Y,-,-,-,-,-,Y,Y,Y,-,Y,Y,-,Y,Y,-,-,18,0.732587991483425
0,-,Y,-,-,-,-,-,Y,Y,Y,-,-,-,Y,-,-,-,Y,Y,-,-,-,-,Y,-,Y,Y,Y,Y,-,12,0.70973156190052
23,Y,-,-,Y,-,-,Y,-,-,-,-,Y,Y,-,Y,Y,-,Y,Y,-,Y,-,Y,-,Y,-,-,Y,Y,Y,15,0.6991125201746922
3,-,Y,Y,-,Y,-,Y,Y,-,Y,Y,Y,Y,-,-,-,-,Y,Y,-,-,-,Y,-,-,Y,Y,-,-,-,14,0.690620051825392
1,Y,-,Y,Y,Y,-,Y,-,Y,-,-,Y,Y,Y,-,-,-,Y,Y,-,-,Y,-,-,-,-,Y,Y,Y,-,15,0.6890017243978162
19,-,Y,Y,-,Y,Y,-,Y,-,-,-,Y,Y,Y,Y,-,Y,-,-,Y,-,-,Y,Y,-,Y,Y,Y,Y,-,17,0.6672116783505618
2,-,-,-,-,-,Y,-,-,-,-,Y,-,-,-,Y,Y,Y,-,-,Y,Y,-,Y,-,Y,-,-,-,-,Y,10,0.6578267004114342
6,-,Y,-,-,-,-,-,Y,-,-,-,-,-,-,Y,-,Y,-,Y,Y,-,-,Y,-,Y,-,Y,Y,Y,Y,12,0.6290307676755332
11,Y,-,Y,Y,-,Y,-,Y,Y,-,-,Y,Y,-,Y,Y,-,Y,-,-,Y,-,-,-,-,-,-,Y,-,-,13,0.5951759669701333
22,-,-,-,-,Y,-,Y,-,Y,Y,Y,-,-,-,-,-,Y,-,-,-,-,-,-,Y,-,-,Y,-,-,-,8,0.5879803188118558
21,-,Y,-,-,Y,-,-,Y,Y,-,-,-,-,Y,-,-,Y,-,-,-,-,Y,-,Y,-,Y,Y,-,-,-,10,0.5731174734105497
16,Y,Y,Y,-,Y,-,Y,-,Y,-,Y,Y,Y,-,Y,Y,-,Y,-,-,-,Y,Y,Y,-,-,Y,-,Y,-,17,0.5579072062831251
24,-,Y,Y,-,Y,Y,-,-,-,-,-,Y,Y,-,-,Y,-,Y,-,-,Y,Y,Y,Y,Y,-,Y,-,Y,-,15,0.5490046199652491
14,-,Y,-,Y,-,-,-,-,-,-,-,-,Y,Y,Y,-,-,-,-,-,Y,-,Y,-,-,-,-,Y,Y,-,9,0.5087648116761423
5,-,-,-,-,-,-,-,-,-,-,-,-,-,-,-,Y,Y,-,-,Y,-,-,-,Y,-,-,-,-,-,Y,5,0.4788801007520368
8,Y,-,-,Y,-,-,-,-,-,-,Y,-,-,-,-,-,-,-,-,-,Y,Y,-,-,-,-,-,-,-,-,5,0.45323734579288644
17,-,-,-,Y,-,-,-,-,-,-,-,-,-,-,-,-,-,-,-,-,Y,-,-,-,-,-,-,Y,-,Y,4,0.4237481681505845
