,0,1,2,3,4,5,6,7,8,9,10,11,12,13,14,15,16,17,18,19,20,21,22,23,24,25,26,27,28,29,Num Features,Score
112,Y,Y,-,Y,Y,Y,Y,Y,Y,Y,Y,-,Y,Y,Y,Y,Y,Y,Y,Y,Y,Y,Y,Y,Y,Y,Y,Y,Y,Y,28,0.6641637563503497
196,Y,Y,-,Y,Y,Y,Y,Y,Y,Y,Y,-,Y,Y,Y,Y,Y,Y,Y,Y,-,Y,Y,Y,Y,Y,Y,Y,Y,Y,27,0.6627586604678097
136,Y,Y,-,Y,Y,Y,Y,Y,Y,Y,Y,-,Y,Y,Y,Y,Y,Y,Y,-,Y,Y,Y,Y,Y,Y,Y,Y,Y,Y,27,0.6617348269562691
118,Y,Y,-,Y,Y,Y,Y,Y,Y,Y,Y,-,Y,Y,Y,Y,Y,Y,Y,Y,Y,Y,Y,Y,Y,Y,Y,Y,Y,-,27,0.6612797550721728
150,Y,Y,-,Y,-,Y,-,-,-,Y,Y,Y,Y,Y,Y,Y,Y,Y,Y,Y,Y,Y,Y,-,Y,-,Y,-,Y,Y,22,0.6597521059549739
224,-,Y,Y,Y,Y,Y,-,Y,-,Y,Y,-,Y,Y,Y,Y,Y,-,Y,Y,Y,Y,Y,Y,Y,Y,Y,-,Y,Y,24,0.6595832112510036
148,Y,Y,Y,Y,Y,Y,Y,-,Y,Y,Y,-,Y,Y,Y,Y,Y,Y,Y,Y,Y,Y,Y,Y,Y,Y,Y,Y,Y,Y,28,0.6593786660445861
165,Y,Y,Y,Y,-,Y,Y,Y,-,Y,Y,Y,Y,Y,Y,Y,Y,Y,Y,-,Y,-,Y,-,Y,Y,Y,Y,Y,Y,25,0.6591920575726256
131,Y,Y,-,Y,Y,Y,Y,Y,Y,Y,Y,-,Y,Y,Y,Y,Y,Y,Y,Y,Y,Y,Y,-,Y,Y,Y,Y,Y,Y,27,0.6588828606268246
59,Y,Y,Y,Y,Y,Y,Y,Y,Y,Y,Y,Y,Y,Y,Y,Y,Y,-,Y,Y,Y,Y,Y,Y,Y,Y,Y,-,Y,Y,28,0.6581634803940227
192,Y,Y,-,Y,Y,Y,Y,Y,Y,Y,Y,Y,Y,Y,Y,Y,Y,Y,Y,Y,-,Y,Y,-,Y,Y,Y,-,Y,Y,26,0.6581295603666872
142,Y,Y,-,Y,Y,Y,-,Y,-,Y,Y,Y,Y,Y,Y,Y,Y,Y,Y,-,Y,Y,Y,Y,Y,Y,Y,Y,Y,Y,26,0.6580594071895666
195,Y,Y,Y,Y,Y,Y,Y,Y,Y,Y,Y,Y,Y,Y,Y,Y,Y,-,Y,Y,-,-,Y,-,Y,Y,Y,Y,Y,Y,26,0.6580451619311424
169,Y,Y,Y,Y,Y,Y,Y,Y,-,Y,Y,Y,Y,Y,Y,Y,Y,-,Y,Y,Y,Y,Y,Y,Y,Y,Y,-,-,Y,26,0.6580439404287324
223,Y,Y,Y,Y,-,Y,Y,-,-,Y,Y,Y,Y,Y,Y,Y,Y,Y,Y,Y,Y,Y,Y,Y,Y,Y,Y,Y,Y,Y,27,0.6577385954055258
86,Y,Y,Y,Y,Y,Y,Y,Y,-,Y,Y,Y,Y,Y,Y,Y,Y,Y,Y,Y,-,Y,Y,Y,Y,Y,Y,-,Y,Y,27,0.6576935367525645
110,Y,Y,-,Y,Y,Y,Y,Y,-,Y,Y,-,Y,Y,Y,Y,Y,Y,Y,Y,Y,Y,Y,Y,Y,Y,Y,Y,Y,Y,27,0.657411962482582
217,Y,Y,Y,Y,Y,Y,-,Y,-,Y,Y,Y,Y,Y,Y,Y,Y,Y,Y,-,Y,Y,Y,Y,Y,Y,Y,Y,Y,Y,27,0.6571453059214248
37,Y,Y,-,Y,Y,Y,-,-,-,Y,Y,Y,Y,Y,Y,Y,Y,-,Y,-,Y,Y,Y,Y,Y,-,-,Y,-,-,20,0.6571295794645396
179,Y,Y,-,Y,Y,Y,Y,-,-,Y,Y,Y,Y,Y,Y,Y,Y,Y,Y,Y,Y,Y,Y,-,Y,Y,Y,Y,Y,Y,26,0.657035696483678
98,Y,Y,Y,Y,Y,Y,Y,Y,-,Y,Y,Y,Y,Y,Y,Y,Y,-,Y,Y,-,Y,Y,Y,Y,Y,Y,Y,Y,Y,27,0.6568669097244462
225,Y,Y,Y,Y,Y,Y,Y,Y,-,Y,Y,-,Y,Y,Y,Y,Y,-,Y,-,-,Y,-,Y,Y,Y,Y,Y,Y,Y,24,0.656806042314842
184,Y,Y,Y,Y,Y,Y,-,-,-,Y,Y,Y,Y,Y,Y,Y,Y,Y,Y,-,-,Y,Y,Y,Y,Y,Y,-,Y,Y,24,0.6567205702461576
214,Y,Y,-,Y,Y,Y,-,Y,-,Y,Y,Y,Y,Y,Y,Y,Y,Y,Y,Y,Y,Y,Y,-,Y,Y,Y,-,Y,Y,25,0.6561009877329954
116,Y,Y,-,Y,Y,Y,Y,Y,Y,Y,Y,-,Y,Y,Y,Y,Y,-,Y,Y,Y,Y,Y,Y,Y,Y,Y,Y,Y,Y,27,0.6560451733931295
114,Y,Y,Y,Y,Y,Y,Y,Y,Y,Y,Y,-,Y,Y,Y,Y,Y,Y,Y,Y,Y,Y,Y,Y,Y,Y,Y,Y,Y,Y,29,0.656008535965587
222,Y,Y,-,Y,-,Y,Y,-,-,Y,Y,Y,Y,Y,Y,Y,Y,-,Y,-,-,Y,-,-,-,-,-,Y,Y,Y,18,0.6559481126693333
189,Y,Y,Y,Y,Y,Y,Y,Y,-,Y,Y,Y,Y,Y,Y,Y,Y,Y,Y,Y,Y,Y,Y,Y,Y,Y,Y,-,Y,Y,28,0.6558087979803537
164,Y,Y,Y,Y,Y,Y,Y,-,-,Y,Y,Y,Y,Y,Y,Y,Y,Y,Y,Y,Y,Y,Y,Y,Y,Y,Y,Y,Y,Y,28,0.6557059737990701
85,Y,Y,Y,Y,Y,Y,Y,Y,-,Y,Y,-,Y,Y,Y,Y,Y,Y,Y,Y,Y,Y,Y,Y,Y,Y,Y,-,-,Y,26,0.6556236208826411
171,Y,Y,-,Y,Y,Y,Y,Y,Y,Y,Y,Y,Y,Y,Y,Y,Y,Y,Y,Y,Y,Y,Y,-,Y,-,Y,Y,Y,-,26,0.6554533591191019
75,Y,Y,-,Y,Y,Y,-,Y,Y,Y,Y,-,Y,Y,Y,Y,Y,Y,Y,Y,Y,Y,Y,Y,Y,Y,Y,-,Y,-,25,0.6554396157684271
166,Y,Y,Y,Y,Y,Y,Y,Y,Y,Y,Y,-,Y,Y,Y,Y,Y,Y,Y,Y,Y,Y,Y,-,Y,Y,Y,Y,Y,Y,28,0.6553979548543746
173,Y,Y,Y,Y,Y,Y,Y,Y,Y,Y,Y,-,Y,Y,Y,-,Y,Y,Y,Y,Y,Y,Y,-,Y,Y,Y,Y,Y,Y,27,0.6552017148197962
198,Y,Y,Y,Y,-,Y,Y,Y,Y,Y,Y,-,Y,Y,Y,Y,Y,Y,Y,-,Y,Y,Y,-,Y,Y,Y,Y,Y,Y,26,0.6550218209899288
146,Y,Y,Y,Y,Y,Y,Y,Y,-,Y,Y,Y,Y,Y,Y,Y,Y,Y,Y,-,Y,Y,Y,Y,Y,Y,Y,Y,Y,Y,28,0.6549362084258744
135,Y,Y,Y,Y,-,Y,Y,Y,Y,Y,Y,-,Y,Y,Y,Y,Y,Y,Y,Y,Y,Y,Y,Y,Y,Y,Y,-,-,Y,26,0.6547987404742226
174,Y,Y,Y,Y,-,Y,Y,-,Y,Y,Y,-,Y,Y,Y,Y,Y,-,Y,-,Y,Y,Y,Y,Y,-,-,Y,-,Y,22,0.6542909818300223
190,Y,Y,Y,Y,-,Y,Y,Y,Y,Y,Y,-,Y,Y,Y,-,Y,-,Y,Y,Y,-,Y,-,Y,Y,Y,-,Y,Y,23,0.654087519278031
94,Y,Y,Y,Y,Y,Y,Y,-,Y,Y,Y,Y,Y,Y,Y,Y,Y,Y,Y,Y,Y,Y,Y,Y,Y,-,Y,Y,Y,-,27,0.6540425341155858
34,Y,Y,Y,Y,Y,Y,Y,-,-,Y,Y,Y,Y,Y,Y,Y,Y,Y,Y,Y,Y,-,Y,Y,Y,Y,Y,Y,Y,Y,27,0.6539925751898822
210,Y,Y,Y,Y,-,Y,-,Y,Y,Y,Y,Y,Y,Y,Y,Y,Y,Y,Y,-,Y,-,Y,-,-,Y,Y,-,Y,-,22,0.6538362439687535
51,Y,Y,Y,Y,Y,Y,Y,Y,-,Y,Y,Y,Y,Y,Y,Y,Y,Y,Y,Y,Y,Y,Y,Y,Y,-,Y,-,Y,Y,27,0.6537204142867937
119,Y,Y,-,Y,Y,Y,Y,Y,Y,Y,Y,-,Y,Y,Y,Y,Y,Y,Y,Y,Y,Y,Y,Y,Y,Y,Y,-,Y,Y,27,0.6537167098903373
182,Y,Y,-,Y,-,Y,Y,Y,Y,Y,Y,Y,Y,Y,Y,Y,Y,-,Y,Y,-,Y,Y,-,Y,Y,Y,Y,Y,Y,25,0.6536181967440391
60,Y,Y,Y,Y,Y,Y,Y,Y,-,Y,Y,Y,Y,Y,Y,Y,Y,Y,Y,Y,Y,Y,Y,Y,Y,Y,Y,Y,Y,-,28,0.6534757325067103
205,Y,Y,-,Y,Y,Y,Y,Y,-,Y,Y,Y,Y,Y,Y,Y,Y,-,Y,Y,Y,Y,Y,-,Y,Y,-,Y,Y,Y,25,0.6533983630744626
84,Y,Y,Y,Y,Y,Y,Y,-,-,Y,Y,Y,Y,Y,Y,Y,Y,Y,Y,Y,Y,Y,-,Y,Y,Y,Y,Y,Y,Y,27,0.6533964854308112
227,-,Y,Y,Y,-,Y,Y,Y,-,Y,Y,Y,Y,Y,Y,Y,Y,-,Y,-,Y,Y,Y,Y,-,-,Y,Y,Y,Y,23,0.6532660673778059
66,Y,Y,Y,Y,-,Y,Y,-,-,Y,Y,Y,Y,Y,Y,-,Y,Y,Y,Y,Y,Y,Y,Y,Y,Y,Y,Y,Y,Y,26,0.6532622474399468
178,-,Y,-,Y,Y,Y,Y,-,-,Y,Y,Y,Y,Y,Y,Y,Y,Y,Y,-,Y,Y,Y,-,Y,-,Y,Y,Y,Y,23,0.6531692082940068
138,Y,Y,-,Y,Y,Y,-,Y,Y,Y,Y,-,Y,Y,Y,Y,Y,-,Y,Y,Y,Y,Y,Y,Y,Y,Y,Y,Y,Y,26,0.6529221205934131
191,Y,Y,Y,Y,-,Y,Y,Y,Y,Y,Y,-,Y,Y,Y,Y,Y,-,Y,Y,-,-,Y,-,Y,Y,Y,-,Y,Y,23,0.6527036253740914
133,Y,Y,-,Y,-,Y,Y,-,-,Y,Y,Y,Y,Y,Y,Y,Y,Y,Y,Y,Y,Y,Y,Y,Y,Y,Y,Y,Y,Y,26,0.6526397533312022
213,Y,Y,-,Y,Y,Y,Y,-,-,Y,Y,-,Y,Y,Y,Y,Y,Y,Y,Y,Y,Y,Y,Y,Y,Y,Y,Y,Y,Y,26,0.6526085872059851
123,Y,Y,Y,Y,Y,Y,-,-,-,Y,Y,Y,Y,Y,Y,Y,Y,Y,Y,Y,-,-,Y,Y,Y,-,Y,-,-,-,21,0.6525385429456843
212,Y,Y,Y,Y,Y,Y,Y,Y,-,Y,Y,Y,Y,Y,Y,Y,Y,-,Y,Y,Y,-,Y,-,Y,-,-,-,Y,Y,23,0.652532298293315
218,Y,Y,Y,Y,Y,Y,Y,Y,-,Y,Y,-,Y,Y,Y,Y,Y,-,Y,Y,Y,Y,Y,Y,Y,Y,Y,Y,-,Y,26,0.6525136117744484
141,Y,Y,Y,Y,Y,Y,-,Y,Y,Y,Y,-,Y,Y,Y,Y,Y,Y,Y,Y,Y,Y,Y,Y,Y,Y,Y,Y,Y,Y,28,0.6522763773477619
115,Y,Y,Y,Y,Y,Y,-,Y,-,Y,Y,Y,Y,Y,Y,Y,Y,Y,Y,Y,Y,Y,Y,Y,Y,Y,Y,Y,Y,Y,28,0.6521958110832791
90,Y,Y,Y,Y,-,Y,Y,Y,Y,Y,Y,-,Y,Y,Y,Y,Y,Y,Y,Y,Y,Y,Y,Y,Y,Y,-,Y,-,Y,26,0.6521244263508224
108,Y,Y,Y,Y,Y,Y,Y,Y,Y,Y,Y,-,Y,Y,Y,Y,Y,Y,Y,Y,-,Y,Y,Y,Y,Y,Y,Y,Y,Y,28,0.6521215663046516
93,Y,Y,Y,Y,Y,Y,Y,-,Y,Y,Y,Y,Y,Y,Y,Y,Y,Y,Y,Y,Y,Y,Y,Y,Y,-,-,Y,Y,-,26,0.6521162118374714
74,Y,Y,-,Y,Y,Y,Y,Y,-,Y,Y,Y,Y,Y,Y,Y,Y,Y,Y,Y,Y,Y,Y,Y,Y,Y,Y,-,Y,Y,27,0.6520266176129722
151,-,Y,-,Y,Y,Y,Y,Y,Y,Y,Y,-,Y,Y,Y,-,Y,Y,Y,Y,Y,Y,Y,Y,Y,-,Y,-,Y,Y,24,0.6520260014636434
204,-,Y,Y,Y,Y,Y,Y,-,-,Y,Y,Y,Y,Y,Y,Y,Y,Y,Y,Y,Y,Y,Y,Y,Y,Y,Y,Y,Y,Y,27,0.6519094725977669
162,Y,Y,Y,Y,-,Y,Y,Y,-,Y,Y,Y,Y,Y,Y,Y,Y,-,Y,-,Y,Y,Y,Y,Y,Y,Y,-,Y,Y,25,0.6518693392214583
129,Y,Y,Y,Y,Y,Y,Y,Y,-,Y,Y,Y,Y,Y,Y,Y,Y,Y,Y,Y,-,Y,Y,Y,Y,-,Y,Y,Y,Y,27,0.65180734022048
215,Y,Y,Y,Y,Y,Y,Y,Y,Y,Y,Y,-,Y,Y,Y,Y,Y,Y,Y,-,Y,Y,Y,-,Y,-,Y,Y,Y,Y,26,0.6517900486113074
229,Y,Y,-,Y,-,Y,Y,Y,Y,Y,Y,Y,Y,Y,Y,Y,Y,-,Y,Y,Y,Y,Y,Y,Y,-,Y,Y,Y,Y,26,0.6516194787881393
88,Y,Y,Y,Y,Y,Y,Y,Y,-,Y,Y,Y,Y,Y,Y,Y,Y,-,Y,Y,Y,Y,Y,Y,Y,Y,Y,Y,Y,Y,28,0.6516171648504152
54,Y,Y,Y,Y,Y,Y,Y,-,-,Y,Y,Y,Y,Y,Y,Y,Y,Y,Y,Y,Y,Y,Y,Y,Y,Y,-,Y,Y,Y,27,0.6516026831168545
211,Y,Y,Y,Y,Y,Y,Y,-,Y,Y,Y,-,Y,Y,Y,Y,Y,Y,Y,Y,Y,Y,Y,-,Y,Y,-,Y,Y,Y,26,0.6515711931577577
122,Y,Y,Y,Y,Y,Y,Y,Y,Y,Y,Y,-,Y,Y,Y,Y,Y,-,Y,Y,Y,Y,Y,Y,Y,Y,Y,Y,Y,Y,28,0.6515352587636158
48,Y,-,Y,Y,Y,Y,-,-,-,Y,Y,Y,Y,Y,Y,Y,Y,-,Y,Y,Y,-,Y,Y,Y,Y,-,Y,Y,Y,23,0.651402174969538
139,Y,Y,-,Y,Y,Y,Y,Y,Y,Y,Y,-,Y,Y,Y,Y,Y,Y,Y,Y,-,Y,Y,Y,-,Y,Y,Y,Y,-,25,0.6513754041199974
230,Y,Y,Y,Y,Y,Y,Y,Y,-,Y,Y,Y,Y,Y,Y,Y,Y,Y,Y,-,Y,Y,-,Y,Y,Y,Y,Y,Y,Y,27,0.6513634570017965
113,Y,Y,Y,Y,Y,Y,Y,Y,-,Y,Y,-,Y,Y,Y,Y,Y,Y,Y,Y,Y,Y,Y,Y,Y,Y,Y,Y,Y,Y,28,0.6513628574018192
104,Y,Y,Y,Y,Y,Y,-,Y,Y,Y,Y,Y,Y,Y,Y,Y,Y,Y,Y,Y,-,Y,Y,Y,Y,-,Y,-,Y,-,25,0.6513509658256392
76,Y,Y,Y,Y,-,Y,Y,-,-,Y,Y,Y,Y,Y,Y,Y,Y,Y,Y,Y,Y,-,Y,Y,Y,Y,Y,Y,Y,Y,26,0.6512329302813584
159,Y,Y,Y,Y,Y,Y,Y,Y,Y,Y,Y,-,Y,Y,Y,Y,Y,Y,Y,-,Y,Y,Y,Y,Y,-,Y,Y,Y,Y,27,0.6512220185130216
39,Y,Y,Y,Y,Y,Y,Y,Y,-,Y,Y,Y,Y,Y,Y,Y,Y,Y,Y,Y,Y,Y,Y,Y,Y,Y,Y,Y,-,Y,28,0.6511695509898615
87,Y,Y,Y,Y,Y,Y,Y,-,-,Y,Y,-,Y,Y,Y,Y,Y,Y,Y,Y,Y,-,Y,Y,Y,Y,Y,-,Y,Y,25,0.6509279566615452
200,Y,Y,Y,Y,Y,Y,-,Y,-,Y,Y,Y,Y,Y,Y,Y,Y,Y,Y,Y,Y,Y,Y,Y,Y,Y,Y,-,Y,Y,27,0.6508165934097017
207,-,Y,-,Y,Y,Y,Y,Y,Y,Y,Y,Y,Y,Y,Y,Y,Y,-,Y,Y,Y,Y,Y,-,Y,Y,Y,Y,Y,Y,26,0.6508088496532434
36,-,Y,-,Y,Y,Y,-,-,-,Y,Y,Y,Y,Y,Y,Y,Y,Y,Y,Y,Y,Y,-,Y,Y,-,Y,-,Y,Y,22,0.6507984339429705
124,Y,Y,Y,Y,Y,Y,Y,Y,Y,Y,Y,-,Y,Y,Y,Y,Y,Y,Y,Y,Y,-,Y,Y,Y,Y,Y,Y,Y,Y,28,0.6505841358864267
46,Y,Y,Y,Y,-,Y,Y,Y,Y,Y,Y,-,Y,Y,Y,Y,Y,-,Y,Y,Y,Y,Y,Y,Y,Y,-,Y,-,Y,25,0.6504685168835097
109,Y,Y,-,Y,Y,Y,-,Y,Y,Y,Y,Y,Y,Y,Y,Y,Y,Y,Y,Y,Y,Y,Y,Y,Y,-,Y,-,Y,-,25,0.6503998542898082
143,Y,Y,Y,Y,Y,Y,Y,Y,-,Y,Y,Y,Y,Y,Y,Y,Y,-,Y,Y,Y,Y,Y,Y,Y,Y,Y,Y,-,Y,27,0.6503796064378733
128,Y,Y,Y,Y,Y,Y,Y,Y,-,Y,Y,Y,Y,Y,Y,Y,Y,Y,Y,Y,-,Y,Y,Y,Y,Y,Y,Y,-,Y,27,0.6503270966838667
42,Y,Y,Y,Y,Y,Y,Y,Y,-,Y,Y,Y,Y,Y,Y,Y,Y,Y,Y,Y,Y,Y,Y,Y,Y,Y,Y,Y,Y,Y,29,0.6503093938712139
117,Y,Y,Y,Y,-,Y,Y,Y,Y,Y,Y,Y,Y,Y,Y,Y,Y,Y,Y,Y,Y,Y,Y,Y,Y,-,Y,Y,Y,-,27,0.6500431773104199
187,Y,Y,-,Y,Y,Y,Y,Y,Y,Y,Y,Y,Y,Y,Y,Y,Y,Y,Y,Y,-,Y,Y,-,Y,Y,Y,Y,Y,Y,27,0.6500103837988762
28,Y,Y,Y,Y,Y,Y,Y,-,-,Y,Y,Y,Y,Y,Y,Y,Y,Y,Y,Y,Y,Y,Y,Y,Y,Y,Y,-,Y,Y,27,0.649986441759833
132,Y,Y,Y,Y,Y,Y,Y,Y,Y,Y,Y,Y,Y,Y,Y,Y,Y,Y,Y,Y,Y,Y,Y,Y,Y,-,Y,Y,Y,-,28,0.6499730540327089
29,Y,Y,-,Y,Y,Y,-,-,-,Y,Y,-,Y,Y,Y,-,Y,Y,Y,Y,Y,-,Y,Y,Y,-,Y,Y,Y,Y,22,0.6499042792797576
175,Y,Y,-,Y,Y,Y,Y,Y,Y,Y,Y,-,Y,Y,Y,Y,Y,Y,Y,Y,Y,Y,Y,Y,Y,-,Y,Y,Y,-,26,0.6498495364699244
153,Y,Y,-,Y,Y,Y,Y,Y,Y,Y,Y,Y,Y,Y,Y,Y,Y,Y,Y,-,Y,Y,Y,Y,Y,Y,-,Y,Y,Y,27,0.6498413148468237
9,Y,Y,-,Y,-,Y,-,-,-,Y,Y,-,Y,Y,Y,-,-,Y,Y,Y,-,-,Y,Y,-,Y,Y,Y,-,-,17,0.6497374135382674
177,Y,Y,-,Y,-,Y,Y,Y,Y,Y,Y,-,Y,Y,Y,Y,Y,Y,Y,Y,Y,Y,Y,Y,Y,Y,Y,Y,Y,Y,27,0.6496568583240004
65,Y,Y,Y,Y,Y,Y,-,Y,Y,Y,Y,Y,Y,Y,Y,Y,Y,Y,Y,Y,Y,Y,Y,Y,Y,Y,Y,Y,-,Y,28,0.6495825864833098
96,Y,Y,Y,Y,Y,Y,-,Y,Y,Y,Y,Y,Y,Y,Y,Y,Y,-,Y,Y,Y,Y,Y,Y,Y,Y,Y,-,Y,Y,27,0.649566982235748
168,Y,Y,Y,Y,Y,Y,Y,Y,Y,Y,Y,Y,Y,Y,Y,Y,Y,-,Y,Y,Y,Y,Y,Y,Y,-,Y,-,Y,Y,27,0.6495269916750414
180,Y,Y,-,Y,Y,Y,Y,Y,-,Y,Y,Y,Y,Y,Y,Y,Y,Y,Y,-,Y,Y,Y,Y,Y,Y,Y,Y,Y,Y,27,0.6494900718343923
102,Y,Y,Y,Y,Y,Y,-,-,-,Y,Y,-,Y,Y,Y,Y,Y,Y,Y,Y,Y,Y,Y,Y,Y,Y,Y,Y,Y,-,25,0.6494693068772092
158,-,Y,-,Y,Y,Y,Y,Y,Y,Y,Y,-,Y,Y,Y,Y,Y,Y,Y,-,-,Y,Y,Y,Y,Y,Y,Y,Y,Y,25,0.6494434170355087
206,Y,Y,Y,Y,Y,Y,-,Y,Y,Y,Y,-,Y,Y,Y,Y,Y,Y,Y,Y,Y,-,Y,-,Y,Y,Y,Y,Y,-,25,0.649314928196507
188,Y,Y,Y,Y,Y,Y,Y,Y,Y,Y,Y,Y,Y,Y,Y,Y,Y,-,Y,Y,Y,Y,Y,-,Y,Y,Y,Y,Y,Y,28,0.6492741385994026
83,Y,Y,Y,Y,Y,Y,Y,-,Y,Y,Y,-,Y,Y,Y,Y,Y,Y,Y,Y,Y,Y,Y,Y,Y,Y,Y,-,Y,Y,27,0.6492704257552422
216,Y,Y,Y,Y,Y,Y,Y,Y,Y,Y,Y,-,Y,Y,Y,Y,Y,-,Y,-,-,-,Y,-,Y,Y,Y,Y,Y,Y,24,0.6492658739436773
63,Y,Y,-,Y,-,Y,Y,-,Y,Y,Y,-,Y,Y,Y,-,Y,-,Y,Y,Y,Y,Y,Y,Y,Y,-,Y,-,Y,22,0.6492573095657216
176,Y,Y,Y,Y,Y,Y,Y,Y,Y,Y,Y,-,Y,Y,Y,-,Y,Y,Y,Y,-,Y,Y,Y,Y,Y,Y,Y,Y,Y,27,0.6491975180584062
194,Y,Y,-,Y,Y,Y,Y,-,Y,Y,Y,Y,Y,Y,Y,Y,Y,Y,Y,Y,Y,Y,Y,-,-,Y,Y,Y,Y,-,25,0.6491513817059562
78,Y,Y,Y,Y,Y,Y,Y,Y,Y,Y,Y,Y,Y,Y,Y,Y,Y,Y,Y,Y,Y,Y,Y,Y,Y,-,Y,-,Y,Y,28,0.6491113697800777
163,Y,Y,Y,Y,Y,Y,-,Y,-,Y,Y,Y,Y,Y,Y,Y,Y,Y,Y,-,-,Y,Y,Y,-,Y,Y,Y,Y,Y,25,0.64865480738389
221,Y,Y,Y,Y,Y,Y,Y,Y,-,Y,Y,-,Y,Y,Y,Y,Y,Y,Y,Y,Y,Y,Y,Y,Y,Y,Y,Y,-,Y,27,0.6486425789312528
70,Y,Y,Y,Y,-,Y,Y,-,Y,Y,Y,Y,Y,Y,Y,Y,Y,-,Y,Y,Y,-,Y,Y,Y,Y,Y,Y,Y,Y,26,0.6486165293859835
100,Y,Y,Y,Y,Y,Y,Y,Y,-,Y,Y,Y,Y,Y,Y,Y,Y,Y,Y,Y,-,Y,Y,Y,Y,Y,Y,Y,Y,Y,28,0.6486126901484325
161,Y,Y,Y,Y,Y,Y,Y,-,-,Y,Y,Y,Y,Y,Y,Y,Y,Y,Y,-,Y,Y,Y,Y,Y,Y,Y,-,Y,Y,26,0.6486099765150868
105,Y,Y,-,Y,Y,Y,Y,Y,-,Y,Y,Y,Y,Y,Y,Y,Y,Y,Y,Y,-,Y,-,Y,Y,Y,Y,Y,Y,Y,26,0.6485972491240101
55,Y,Y,-,Y,Y,Y,Y,Y,Y,Y,Y,Y,Y,Y,Y,Y,Y,-,Y,Y,Y,Y,Y,Y,Y,Y,-,Y,Y,Y,27,0.6484953991214198
156,Y,Y,Y,Y,Y,Y,Y,Y,Y,Y,Y,-,Y,Y,Y,Y,Y,Y,Y,-,Y,Y,Y,Y,Y,Y,Y,Y,Y,Y,28,0.6483282747337772
107,Y,Y,Y,Y,Y,Y,Y,Y,Y,Y,Y,-,Y,Y,Y,Y,Y,Y,Y,Y,Y,Y,Y,Y,Y,Y,Y,-,Y,Y,28,0.6482509134875237
43,Y,Y,Y,Y,Y,Y,Y,-,Y,Y,Y,-,Y,Y,Y,Y,Y,-,Y,Y,Y,Y,Y,Y,Y,Y,Y,Y,Y,Y,27,0.6481784151592423
44,Y,Y,Y,Y,-,-,Y,-,-,Y,Y,-,Y,Y,Y,Y,Y,Y,Y,Y,Y,-,-,Y,Y,Y,-,Y,Y,Y,22,0.6481051343142813
72,Y,Y,Y,Y,Y,Y,Y,Y,-,Y,Y,Y,Y,Y,Y,Y,Y,Y,Y,Y,Y,Y,-,Y,Y,Y,Y,Y,Y,Y,28,0.6480614882173867
137,Y,Y,-,Y,Y,Y,Y,Y,Y,Y,Y,-,Y,Y,Y,Y,Y,Y,Y,Y,Y,Y,Y,Y,Y,-,Y,Y,Y,Y,27,0.6479969321514634
99,Y,Y,Y,Y,Y,Y,Y,-,-,Y,Y,Y,Y,Y,Y,Y,Y,-,Y,Y,Y,Y,Y,Y,Y,Y,Y,Y,Y,Y,27,0.6478222272415596
186,Y,Y,Y,Y,Y,Y,Y,Y,Y,Y,Y,Y,Y,Y,Y,Y,Y,Y,Y,Y,Y,Y,Y,-,Y,-,Y,Y,-,Y,27,0.6476618153562925
226,Y,Y,Y,Y,Y,Y,Y,Y,-,Y,Y,Y,Y,Y,Y,Y,Y,Y,Y,Y,Y,Y,Y,-,Y,Y,Y,Y,Y,Y,28,0.6474033364548522
149,Y,Y,Y,Y,-,Y,Y,Y,-,Y,Y,Y,Y,Y,Y,Y,Y,Y,Y,Y,Y,Y,Y,Y,Y,Y,Y,-,-,Y,26,0.6473845622584626
73,Y,Y,Y,Y,Y,Y,Y,Y,Y,Y,Y,Y,Y,Y,Y,Y,Y,-,Y,Y,Y,-,Y,Y,Y,Y,Y,-,Y,Y,27,0.6473180752247376
181,Y,Y,Y,Y,Y,Y,Y,-,-,Y,Y,-,Y,Y,Y,Y,Y,Y,Y,Y,-,Y,Y,Y,Y,Y,Y,Y,Y,Y,26,0.6472744792443444
79,Y,Y,-,Y,Y,Y,Y,Y,Y,Y,Y,Y,Y,Y,Y,Y,Y,Y,Y,Y,Y,-,Y,Y,Y,Y,Y,-,Y,Y,27,0.6472436477022564
202,Y,Y,-,Y,Y,Y,Y,Y,Y,Y,Y,Y,Y,Y,Y,Y,Y,Y,Y,Y,Y,Y,Y,-,Y,Y,Y,Y,Y,Y,28,0.6471607444259231
53,Y,Y,Y,Y,Y,Y,-,Y,-,Y,Y,Y,Y,Y,Y,Y,Y,Y,Y,Y,Y,Y,-,Y,Y,-,Y,Y,-,Y,25,0.647126956587786
30,Y,Y,-,Y,-,Y,Y,-,Y,Y,Y,Y,Y,Y,Y,Y,Y,Y,Y,Y,Y,Y,Y,Y,Y,Y,-,Y,-,Y,25,0.6470589052805561
82,Y,Y,Y,Y,Y,Y,Y,Y,-,Y,Y,Y,Y,Y,Y,Y,Y,Y,Y,Y,Y,Y,Y,Y,Y,-,Y,Y,Y,Y,28,0.6470381302115737
35,Y,Y,Y,Y,Y,Y,Y,Y,-,Y,Y,-,Y,Y,Y,Y,Y,Y,Y,Y,Y,Y,Y,-,Y,Y,Y,-,Y,Y,26,0.6469088709899975
167,Y,Y,-,Y,Y,Y,Y,Y,-,Y,Y,Y,Y,Y,Y,Y,Y,Y,Y,Y,Y,Y,Y,Y,Y,Y,Y,Y,Y,Y,28,0.6468956084381157
157,Y,Y,Y,Y,Y,Y,-,-,Y,Y,Y,-,Y,Y,Y,Y,Y,Y,Y,Y,Y,Y,Y,Y,Y,Y,Y,Y,Y,Y,27,0.6468764437854799
68,Y,Y,Y,Y,Y,Y,Y,Y,Y,Y,Y,Y,Y,Y,Y,Y,Y,-,Y,Y,Y,Y,Y,Y,Y,Y,Y,Y,-,-,27,0.6467979176973229
155,Y,Y,-,Y,Y,Y,Y,Y,-,Y,Y,-,Y,Y,Y,Y,Y,Y,Y,-,Y,Y,Y,Y,-,Y,Y,Y,Y,Y,25,0.6467406211201139
197,Y,Y,-,Y,Y,Y,Y,Y,Y,Y,Y,-,Y,Y,Y,Y,Y,Y,Y,-,Y,Y,Y,-,Y,Y,-,Y,Y,Y,25,0.6467220034575859
172,Y,Y,-,Y,Y,Y,-,Y,Y,Y,Y,Y,Y,Y,Y,Y,Y,Y,Y,Y,Y,Y,Y,-,Y,Y,Y,Y,Y,Y,27,0.6466881330814487
103,Y,Y,Y,Y,-,Y,-,-,Y,Y,Y,-,Y,Y,Y,Y,Y,Y,Y,Y,-,-,Y,Y,Y,Y,Y,-,Y,Y,23,0.6466393962000342
111,Y,Y,Y,Y,-,Y,Y,Y,Y,Y,Y,-,Y,Y,Y,Y,Y,Y,Y,Y,Y,Y,Y,Y,Y,Y,Y,Y,Y,Y,28,0.6466099548604759
101,Y,Y,Y,Y,Y,Y,Y,Y,-,Y,Y,Y,Y,Y,Y,Y,Y,-,Y,Y,Y,Y,Y,Y,Y,Y,Y,Y,Y,-,27,0.6465108600507408
62,Y,Y,Y,Y,Y,Y,Y,Y,Y,Y,Y,Y,Y,Y,Y,Y,Y,Y,Y,Y,Y,Y,Y,Y,Y,Y,-,Y,-,Y,28,0.6463667003549876
193,Y,Y,Y,Y,-,Y,Y,Y,Y,Y,Y,Y,Y,Y,Y,Y,Y,Y,Y,Y,Y,Y,Y,-,Y,Y,Y,Y,Y,Y,28,0.6460149477247551
92,Y,Y,Y,Y,Y,Y,Y,Y,Y,Y,Y,Y,Y,Y,Y,Y,Y,Y,Y,Y,-,Y,Y,Y,Y,Y,Y,-,Y,Y,28,0.645916708961851
208,Y,Y,Y,Y,Y,Y,Y,Y,Y,Y,Y,Y,Y,Y,Y,-,Y,Y,Y,Y,Y,-,Y,-,-,Y,Y,-,Y,Y,25,0.6458732175364421
127,Y,Y,-,Y,-,Y,Y,Y,-,Y,Y,-,Y,Y,Y,-,Y,Y,Y,Y,Y,-,-,Y,Y,-,Y,Y,Y,Y,22,0.6457390075843409
231,-,Y,-,Y,-,Y,Y,-,-,Y,Y,Y,Y,Y,Y,Y,Y,Y,Y,Y,Y,Y,Y,Y,Y,Y,-,Y,Y,Y,24,0.6457384724631288
220,Y,Y,-,Y,Y,Y,Y,Y,Y,Y,Y,Y,Y,Y,Y,Y,Y,Y,Y,Y,Y,Y,Y,-,Y,Y,Y,-,Y,Y,27,0.6457033369447458
199,Y,Y,Y,Y,Y,Y,-,-,-,Y,Y,Y,Y,Y,Y,Y,Y,Y,Y,Y,Y,Y,Y,Y,Y,Y,Y,Y,Y,Y,27,0.6457009174731787
97,Y,Y,Y,Y,-,Y,Y,Y,Y,Y,Y,Y,Y,Y,Y,Y,Y,-,Y,Y,-,Y,Y,Y,Y,Y,Y,-,Y,Y,26,0.6455975066640742
144,Y,Y,Y,Y,Y,Y,Y,Y,-,Y,Y,Y,Y,Y,Y,Y,Y,Y,Y,Y,Y,Y,Y,Y,Y,Y,Y,-,Y,-,27,0.6454361327562909
126,Y,Y,Y,Y,Y,Y,Y,Y,Y,Y,Y,-,Y,Y,Y,Y,Y,Y,Y,Y,Y,-,Y,Y,Y,-,Y,Y,-,Y,26,0.6452555261292244
106,Y,Y,Y,Y,Y,Y,Y,Y,-,Y,Y,Y,Y,Y,Y,Y,Y,Y,Y,Y,Y,Y,-,Y,Y,Y,Y,-,Y,Y,27,0.645160491940539
50,Y,Y,Y,Y,Y,Y,Y,Y,-,Y,Y,Y,Y,Y,Y,Y,Y,Y,Y,Y,Y,-,Y,Y,Y,Y,Y,Y,Y,Y,28,0.6451440670297646
64,Y,Y,-,Y,Y,Y,-,Y,Y,Y,Y,Y,Y,Y,Y,Y,Y,Y,Y,Y,Y,-,Y,Y,Y,Y,Y,Y,Y,Y,27,0.645090502672132
1,-,-,-,Y,Y,Y,Y,-,-,Y,Y,-,Y,Y,Y,Y,Y,-,Y,Y,Y,Y,Y,Y,Y,Y,-,-,Y,Y,21,0.6450563047873363
152,Y,Y,Y,Y,Y,Y,Y,-,Y,Y,Y,-,Y,Y,Y,Y,Y,Y,Y,Y,Y,-,Y,Y,Y,Y,Y,Y,Y,Y,27,0.644956379074854
56,Y,Y,Y,Y,Y,Y,Y,Y,Y,Y,Y,Y,Y,Y,Y,Y,Y,-,Y,Y,Y,Y,Y,Y,Y,-,-,Y,Y,Y,27,0.6445220501256835
203,Y,Y,Y,Y,-,Y,Y,-,-,Y,Y,Y,Y,Y,Y,Y,Y,Y,Y,Y,Y,Y,Y,-,Y,Y,Y,-,Y,Y,25,0.6443113582700835
33,Y,Y,Y,Y,-,Y,Y,Y,-,Y,Y,Y,Y,Y,Y,Y,Y,Y,Y,Y,Y,Y,Y,Y,Y,Y,Y,Y,Y,Y,28,0.6441477313388247
81,Y,Y,Y,Y,Y,Y,Y,Y,Y,Y,Y,Y,Y,Y,Y,-,Y,Y,Y,Y,Y,Y,Y,Y,Y,Y,Y,-,Y,-,27,0.6440697724955826
160,Y,Y,Y,Y,Y,Y,-,Y,-,Y,Y,Y,Y,Y,Y,Y,Y,Y,Y,-,Y,Y,Y,Y,Y,Y,Y,Y,-,Y,26,0.6440690988236064
26,Y,Y,Y,Y,Y,Y,Y,-,-,Y,Y,-,Y,Y,Y,Y,Y,Y,Y,Y,Y,-,Y,Y,Y,Y,-,Y,Y,Y,25,0.6439962937838154
47,-,Y,-,Y,Y,Y,Y,Y,-,Y,Y,Y,Y,Y,Y,-,Y,Y,Y,Y,Y,Y,Y,-,-,Y,Y,Y,-,Y,23,0.6439755391065223
170,Y,Y,Y,Y,-,Y,Y,Y,Y,Y,Y,Y,Y,Y,Y,Y,Y,-,Y,-,Y,Y,Y,Y,Y,Y,Y,-,Y,Y,26,0.643885219736299
95,Y,Y,-,Y,Y,Y,-,-,Y,Y,Y,Y,Y,Y,Y,Y,Y,Y,Y,Y,Y,-,Y,Y,Y,-,-,Y,Y,-,23,0.6438590837666159
134,Y,Y,Y,Y,Y,Y,Y,Y,Y,Y,Y,Y,Y,Y,Y,Y,Y,Y,Y,Y,-,Y,Y,Y,Y,-,Y,Y,Y,-,27,0.6432930444249583
67,Y,Y,Y,Y,Y,Y,Y,Y,Y,Y,Y,Y,Y,Y,Y,Y,Y,Y,Y,Y,Y,Y,Y,Y,Y,Y,Y,Y,-,Y,29,0.643135471205978
147,Y,Y,Y,Y,Y,Y,-,Y,-,Y,Y,Y,Y,Y,Y,Y,Y,-,Y,Y,Y,Y,Y,Y,Y,-,Y,-,Y,-,24,0.643055060750066
228,-,Y,Y,Y,-,Y,Y,-,Y,Y,Y,-,Y,Y,Y,Y,Y,Y,Y,Y,Y,Y,Y,Y,Y,Y,Y,Y,Y,Y,26,0.6429823870198162
154,Y,Y,Y,Y,Y,Y,Y,-,Y,Y,Y,Y,Y,Y,Y,Y,Y,Y,Y,-,Y,Y,Y,Y,Y,Y,Y,Y,Y,Y,28,0.6428537221958727
80,Y,Y,Y,Y,Y,Y,Y,Y,Y,Y,Y,Y,Y,Y,Y,Y,Y,Y,Y,Y,Y,Y,Y,Y,Y,Y,Y,-,Y,Y,29,0.6428273236706928
120,Y,Y,Y,Y,Y,Y,Y,Y,Y,Y,Y,-,Y,Y,Y,Y,Y,Y,Y,Y,Y,Y,Y,Y,Y,Y,Y,Y,-,Y,28,0.6427686669914029
121,Y,Y,Y,Y,Y,Y,Y,Y,Y,Y,Y,-,Y,Y,Y,Y,Y,Y,Y,Y,-,Y,Y,Y,Y,Y,Y,Y,Y,-,27,0.6426602601958387
58,Y,Y,-,Y,Y,Y,-,Y,Y,Y,Y,Y,Y,Y,Y,-,Y,-,Y,Y,Y,Y,Y,Y,Y,Y,Y,Y,Y,Y,26,0.6420905050639681
71,Y,Y,-,Y,Y,Y,Y,Y,Y,Y,Y,Y,Y,Y,Y,Y,Y,Y,Y,Y,Y,Y,Y,Y,Y,Y,Y,Y,-,Y,28,0.642033454752535
183,Y,Y,Y,Y,Y,Y,Y,Y,Y,Y,Y,-,Y,Y,Y,-,Y,Y,Y,Y,Y,Y,Y,Y,Y,Y,Y,Y,Y,Y,28,0.6420225231041734
201,Y,Y,Y,Y,Y,Y,Y,Y,Y,Y,Y,Y,Y,Y,Y,Y,Y,Y,Y,Y,Y,-,Y,-,Y,Y,Y,Y,Y,Y,28,0.6419770130628197
140,Y,Y,-,Y,Y,Y,Y,-,Y,Y,Y,-,Y,Y,Y,Y,Y,Y,Y,Y,Y,Y,Y,Y,Y,Y,-,Y,Y,Y,26,0.641739455156848
91,Y,Y,Y,Y,-,Y,Y,Y,Y,Y,Y,Y,Y,Y,Y,Y,Y,Y,Y,Y,Y,Y,-,Y,Y,Y,Y,-,-,Y,26,0.6411546817478043
69,Y,Y,Y,Y,Y,Y,Y,Y,Y,Y,Y,Y,Y,Y,Y,Y,Y,Y,Y,Y,Y,-,Y,Y,Y,Y,Y,Y,Y,Y,29,0.6410153939953374
209,Y,Y,Y,Y,Y,Y,Y,Y,Y,Y,Y,Y,Y,Y,Y,Y,Y,Y,Y,Y,Y,Y,Y,-,Y,Y,Y,-,Y,-,27,0.640979666030729
32,-,-,-,Y,-,Y,-,Y,-,Y,Y,Y,Y,Y,Y,Y,Y,Y,Y,Y,Y,Y,Y,Y,Y,Y,Y,Y,-,Y,23,0.6408773293815468
219,Y,Y,Y,Y,-,Y,-,Y,Y,Y,Y,Y,Y,Y,Y,Y,Y,-,Y,-,-,Y,Y,-,Y,-,Y,Y,Y,Y,23,0.6407562358765619
130,Y,Y,Y,Y,Y,Y,Y,Y,Y,Y,Y,-,Y,Y,Y,Y,Y,Y,Y,Y,Y,Y,Y,Y,-,Y,Y,Y,Y,Y,28,0.64056279889422
57,Y,Y,Y,Y,Y,Y,Y,Y,Y,Y,Y,Y,Y,Y,Y,Y,Y,-,Y,Y,Y,Y,Y,Y,Y,Y,Y,Y,Y,Y,29,0.6401626502332384
89,Y,Y,Y,Y,Y,Y,Y,Y,Y,Y,Y,Y,Y,Y,Y,Y,Y,Y,Y,Y,Y,Y,-,Y,Y,Y,Y,-,Y,Y,28,0.6395539100389894
61,Y,Y,Y,Y,Y,Y,Y,Y,-,Y,Y,Y,Y,Y,Y,-,Y,Y,Y,Y,Y,Y,Y,Y,Y,Y,Y,Y,Y,-,27,0.6393134693310754
52,Y,Y,Y,Y,Y,Y,Y,Y,-,Y,Y,Y,Y,Y,Y,Y,Y,Y,Y,Y,Y,Y,Y,Y,Y,Y,-,Y,Y,Y,28,0.639224800248723
145,Y,Y,Y,Y,Y,Y,Y,-,Y,Y,Y,Y,Y,Y,Y,Y,Y,Y,Y,Y,Y,-,Y,Y,Y,-,Y,Y,Y,-,26,0.6391590442009161
45,Y,Y,Y,Y,-,Y,Y,-,Y,Y,Y,Y,Y,Y,Y,Y,Y,Y,Y,Y,Y,Y,-,Y,Y,Y,Y,Y,Y,Y,27,0.6376859185434778
185,Y,Y,Y,Y,Y,Y,Y,Y,Y,Y,Y,Y,Y,Y,Y,Y,Y,-,Y,Y,-,Y,Y,Y,Y,Y,Y,-,Y,Y,27,0.6368145553107227
77,Y,Y,Y,Y,Y,Y,Y,-,Y,Y,Y,Y,Y,Y,Y,Y,Y,Y,Y,Y,Y,Y,Y,Y,Y,Y,-,-,Y,Y,27,0.6360683151140476
40,Y,-,Y,Y,Y,Y,Y,-,-,Y,Y,Y,Y,Y,Y,Y,Y,Y,Y,Y,Y,-,Y,Y,Y,Y,Y,Y,Y,Y,26,0.6341277754673085
25,Y,Y,-,Y,-,Y,-,-,-,Y,Y,Y,-,Y,Y,Y,Y,Y,Y,Y,-,Y,Y,Y,Y,Y,-,Y,-,-,20,0.6339680360395206
27,Y,Y,Y,-,-,Y,Y,-,-,Y,Y,Y,Y,Y,Y,Y,Y,Y,Y,Y,Y,Y,Y,Y,Y,-,-,Y,Y,Y,24,0.6336700899431983
49,Y,Y,Y,Y,Y,Y,Y,-,Y,Y,Y,-,Y,Y,Y,Y,-,Y,Y,Y,Y,Y,-,Y,Y,Y,Y,Y,Y,Y,26,0.6336478680244497
125,Y,Y,Y,Y,Y,Y,Y,Y,Y,Y,Y,-,Y,Y,Y,Y,Y,Y,Y,Y,Y,Y,Y,Y,Y,Y,-,Y,Y,-,27,0.6328417321792582
41,Y,Y,Y,-,-,Y,Y,-,-,Y,Y,Y,Y,Y,Y,Y,-,Y,Y,Y,Y,-,Y,Y,Y,-,-,Y,Y,-,21,0.6246676176752632
38,-,-,Y,Y,Y,Y,Y,-,Y,Y,Y,-,Y,Y,Y,Y,Y,Y,Y,Y,Y,Y,Y,Y,Y,Y,Y,Y,Y,Y,26,0.622741640339317
15,-,Y,Y,Y,-,Y,-,Y,-,Y,Y,Y,Y,Y,-,-,Y,Y,-,Y,-,Y,Y,-,-,-,-,Y,-,Y,17,0.6122579725368847
16,-,Y,-,Y,-,Y,Y,-,Y,Y,Y,Y,-,Y,Y,Y,-,-,Y,Y,Y,-,-,-,Y,-,Y,Y,Y,-,18,0.5926395789049713
31,Y,-,Y,Y,-,Y,-,-,-,Y,Y,-,-,Y,Y,Y,Y,-,Y,Y,Y,Y,Y,Y,Y,Y,Y,Y,Y,Y,22,0.5896150662598163
6,-,-,Y,-,Y,Y,Y,Y,Y,Y,Y,-,Y,Y,-,Y,-,Y,Y,-,-,Y,Y,-,-,Y,-,-,Y,-,17,0.5671524574368305
13,Y,Y,-,-,Y,-,-,-,Y,Y,-,Y,-,Y,Y,-,Y,Y,Y,-,Y,Y,Y,-,Y,-,Y,Y,-,-,17,0.5646133991801459
12,Y,-,Y,Y,-,-,Y,Y,Y,Y,Y,Y,Y,Y,Y,Y,-,-,-,Y,Y,Y,Y,Y,-,-,Y,Y,Y,Y,22,0.5521015654580488
10,-,Y,Y,Y,Y,Y,Y,Y,Y,-,Y,Y,Y,Y,Y,Y,-,-,-,Y,Y,-,-,-,Y,Y,Y,Y,-,Y,21,0.5489318559259014
21,-,-,Y,Y,Y,Y,-,Y,-,Y,-,Y,-,-,Y,Y,-,-,Y,Y,-,-,-,-,Y,-,Y,Y,Y,-,15,0.5470362983471522
24,Y,-,-,-,-,Y,Y,Y,-,-,Y,Y,Y,-,Y,-,Y,Y,Y,-,-,-,Y,Y,-,-,-,Y,-,Y,15,0.5264082939424312
18,-,Y,-,Y,-,Y,Y,Y,Y,-,-,Y,-,-,Y,Y,Y,Y,-,Y,Y,Y,Y,Y,Y,Y,-,-,-,-,18,0.5087149747577117
22,-,-,Y,Y,Y,Y,Y,Y,-,Y,Y,Y,-,Y,Y,Y,-,-,-,Y,-,-,Y,-,-,Y,Y,-,Y,-,17,0.501534956873805
8,Y,Y,Y,-,-,-,-,-,-,Y,-,Y,-,Y,Y,-,Y,-,-,Y,-,Y,-,-,-,Y,Y,Y,-,Y,14,0.48206111102468535
7,-,Y,-,Y,-,-,-,Y,Y,-,Y,Y,-,-,-,Y,Y,Y,Y,-,Y,-,Y,Y,Y,-,-,Y,Y,Y,17,0.48017503685723045
19,-,Y,-,Y,Y,-,-,Y,Y,-,Y,-,Y,Y,Y,-,-,-,-,-,Y,-,-,Y,Y,-,-,-,-,Y,13,0.47263429950528263
14,-,-,Y,-,Y,Y,-,Y,-,-,-,-,-,-,-,Y,Y,Y,Y,-,-,-,-,Y,Y,Y,-,-,Y,Y,13,0.4390232759520929
0,-,-,Y,Y,Y,Y,Y,Y,-,Y,Y,Y,-,-,Y,-,-,-,-,-,Y,-,Y,Y,Y,-,Y,Y,Y,-,17,0.4366047130651374
3,-,Y,-,-,-,Y,Y,Y,Y,-,-,Y,Y,-,-,-,-,-,Y,Y,Y,-,-,Y,Y,Y,Y,Y,Y,-,16,0.43575027046814097
4,Y,-,-,Y,Y,-,Y,-,-,-,Y,-,Y,Y,Y,-,-,-,-,Y,Y,-,-,-,-,-,-,-,-,-,10,0.4244451260131106
23,Y,-,-,-,-,-,Y,-,Y,-,-,-,Y,-,-,-,Y,Y,Y,-,-,Y,Y,Y,-,Y,-,-,-,Y,12,0.33752892955740166
5,-,-,Y,-,-,-,-,-,-,-,-,-,-,-,-,Y,Y,Y,-,-,-,Y,-,-,-,-,-,-,-,Y,6,0.3030183406016644
20,Y,-,Y,-,-,-,-,-,-,-,-,-,-,-,-,-,-,-,Y,-,-,-,-,-,-,-,Y,-,Y,-,5,0.29138934311410525
11,Y,-,-,-,-,-,-,-,-,-,-,-,-,-,-,-,Y,-,-,-,-,Y,-,-,-,-,-,-,-,-,3,0.25595293610622794
17,Y,-,-,-,Y,-,-,-,-,-,-,-,-,-,-,-,-,-,-,-,-,-,-,Y,-,Y,-,-,-,-,4,0.2530543577182657
2,Y,Y,-,-,-,-,-,-,Y,-,-,-,-,-,-,-,-,Y,-,-,-,-,-,-,-,-,-,-,-,-,4,0.24212754127408595
